Unique_ID,Similarity_score
0,0.6854357123374939
1,0.6333292126655579
2,0.7174901962280273
3,0.6168484687805176
4,0.7920162677764893
5,0.6466841101646423
6,0.6947984099388123
7,0.7119606137275696
8,0.6228572130203247
9,0.6451349258422852
10,0.6353193521499634
11,0.6770779490470886
12,0.7655617594718933
13,0.7284140586853027
14,0.6304405927658081
15,0.5984142422676086
16,0.8045152425765991
17,0.8731331825256348
18,0.7289556264877319
19,0.6704813838005066
20,0.6750680208206177
21,0.6452586054801941
22,0.6019679307937622
23,0.5097383260726929
24,0.7583609223365784
25,0.7029075622558594
26,0.6280385851860046
27,0.6690292954444885
28,0.634546160697937
29,0.6518722772598267
30,0.6963499188423157
31,0.6813125014305115
32,0.7504298686981201
33,0.5981377959251404
34,0.6681581139564514
35,0.7496379017829895
36,0.75850909948349
37,0.8009557723999023
38,0.7190123796463013
39,0.6657516956329346
40,0.7347583770751953
41,0.7009629011154175
42,0.6759206056594849
43,0.637755811214447
44,0.6517187356948853
45,0.5408612489700317
46,0.85736483335495
47,0.6831858158111572
48,0.673432469367981
49,0.5594321489334106
50,0.7197667956352234
51,0.6964265704154968
52,0.651444673538208
53,0.7579995393753052
54,0.6100491285324097
55,0.7698720693588257
56,0.7132713198661804
57,0.7477800846099854
58,0.6285378336906433
59,0.5576809644699097
60,0.5955401062965393
61,0.6232661008834839
62,0.5723129510879517
63,0.68459153175354
64,0.8455491065979004
65,0.6552521586418152
66,0.6045167446136475
67,0.7340874671936035
68,0.6403907537460327
69,0.5728166699409485
70,0.7410351037979126
71,0.5618513226509094
72,0.7320150136947632
73,0.8079437017440796
74,0.6772658824920654
75,0.5442050695419312
76,0.8404620885848999
77,0.6253831386566162
78,0.7024297714233398
79,0.8341681361198425
80,0.7590551376342773
81,0.4913572072982788
82,0.6192762851715088
83,0.9053065180778503
84,0.6767450571060181
85,0.6411470174789429
86,0.69640052318573
87,0.6532784104347229
88,0.6577212810516357
89,0.7242960929870605
90,0.6871064901351929
91,0.6929214000701904
92,0.7307257652282715
93,0.7107542753219604
94,0.6165937781333923
95,0.6215193867683411
96,0.653631865978241
97,0.6829712390899658
98,0.8596528768539429
99,0.6563559770584106
100,0.6709437370300293
101,0.6710553169250488
102,0.6925205588340759
103,0.8422203660011292
104,0.6413975358009338
105,0.6473267078399658
106,0.6987565755844116
107,0.7359873652458191
108,0.659462034702301
109,0.5706781148910522
110,0.5125896334648132
111,0.6365942358970642
112,0.7711291313171387
113,0.5801633596420288
114,0.8690323829650879
115,0.6578004956245422
116,0.5343818664550781
117,0.7136728763580322
118,0.7520285248756409
119,0.6348817944526672
120,0.6621293425559998
121,0.8598004579544067
122,0.7062042951583862
123,0.560603141784668
124,0.7163137197494507
125,0.7705850601196289
126,0.8020625114440918
127,0.7548309564590454
128,0.670822024345398
129,0.6652199029922485
130,0.6328732967376709
131,0.6422741413116455
132,0.7612175941467285
133,0.755673885345459
134,0.6784854531288147
135,0.8762387037277222
136,0.6622141599655151
137,0.6868416666984558
138,0.6966733932495117
139,0.815706729888916
140,0.7305569052696228
141,0.5904499888420105
142,0.6768666505813599
143,0.6621227860450745
144,0.7171198129653931
145,0.5875431299209595
146,0.7205169200897217
147,0.7245847582817078
148,0.7332162261009216
149,0.6179931163787842
150,0.8075942397117615
151,0.7047989368438721
152,0.9011163115501404
153,0.6783447861671448
154,0.6552915573120117
155,0.6316077709197998
156,0.6547321081161499
157,0.6481794118881226
158,0.6544002294540405
159,0.6799582242965698
160,0.7082653045654297
161,0.8545602560043335
162,0.695193350315094
163,0.5748330354690552
164,0.7103240489959717
165,0.6985393166542053
166,0.6736094951629639
167,0.6605588793754578
168,0.7215176820755005
169,0.8093387484550476
170,0.6875593662261963
171,0.44697773456573486
172,0.5713427066802979
173,0.7616016864776611
174,0.6484867930412292
175,0.7345828413963318
176,0.7514852285385132
177,0.7750969529151917
178,0.761487603187561
179,0.8083573579788208
180,0.8073238730430603
181,0.6081571578979492
182,0.6539817452430725
183,0.6388895511627197
184,0.8276772499084473
185,0.6291239261627197
186,0.6124691963195801
187,0.8237344026565552
188,0.5683919787406921
189,0.7062728404998779
190,0.6430917382240295
191,0.6384537816047668
192,0.7639126777648926
193,0.6220341324806213
194,0.5888614058494568
195,0.7023779153823853
196,0.6582056283950806
197,0.6844676733016968
198,0.6489520072937012
199,0.7505507469177246
200,0.6227018237113953
201,0.6232289671897888
202,0.5658960342407227
203,0.6088170409202576
204,0.6287266612052917
205,0.5166189670562744
206,0.7506264448165894
207,0.8064422011375427
208,0.5624673366546631
209,0.6250731945037842
210,0.6569997072219849
211,0.5061379075050354
212,0.7466601133346558
213,0.782187819480896
214,0.6857545971870422
215,0.633956789970398
216,0.6256301999092102
217,0.6756814122200012
218,0.7086823582649231
219,0.6005007028579712
220,0.6773660778999329
221,0.8448881506919861
222,0.5339924097061157
223,0.5958083868026733
224,0.6118212938308716
225,0.7775121927261353
226,0.9262713193893433
227,0.8045336604118347
228,0.7770190834999084
229,0.6458758115768433
230,0.7510223984718323
231,0.7105246782302856
232,0.602436363697052
233,0.5187849402427673
234,0.7056852579116821
235,0.6564722061157227
236,0.6784113645553589
237,0.6780756711959839
238,0.523141086101532
239,0.6832690238952637
240,0.7473928332328796
241,0.7296614050865173
242,0.7071893215179443
243,0.7004980444908142
244,0.7054595947265625
245,0.6637067198753357
246,0.6328524947166443
247,0.7855762243270874
248,0.6442686319351196
249,0.7600878477096558
250,0.6363965272903442
251,0.9388085007667542
252,0.6180564165115356
253,0.7389675378799438
254,0.701461672782898
255,0.6185964345932007
256,0.6476934552192688
257,0.5684071779251099
258,0.7216486930847168
259,0.676917314529419
260,0.7553935647010803
261,0.5470823049545288
262,0.6473481059074402
263,0.7609987258911133
264,0.6768917441368103
265,0.7311175465583801
266,0.7659695148468018
267,0.7855522036552429
268,0.7640085220336914
269,0.6576967239379883
270,0.6455669403076172
271,0.6764731407165527
272,0.708638608455658
273,0.6509652733802795
274,0.7583739757537842
275,0.7571066617965698
276,0.6027925610542297
277,0.7261533737182617
278,0.6094689965248108
279,0.6002376675605774
280,0.6688637137413025
281,0.7225117683410645
282,0.48113125562667847
283,0.6582876443862915
284,0.5890558958053589
285,0.38607287406921387
286,0.5765600800514221
287,0.6762229204177856
288,0.6450446844100952
289,0.8246299624443054
290,0.7470357418060303
291,0.7181436419487
292,0.7596679925918579
293,0.5432460308074951
294,0.7266943454742432
295,0.8776242733001709
296,0.694103479385376
297,0.6273795962333679
298,0.7443949580192566
299,0.7128247022628784
300,0.7222231030464172
301,0.8309697508811951
302,0.7570626735687256
303,0.6748293042182922
304,0.6494549512863159
305,0.5419923663139343
306,0.6782337427139282
307,0.7645552158355713
308,0.7924281358718872
309,0.8265334367752075
310,0.6834260821342468
311,0.6999381184577942
312,0.7558878660202026
313,0.575412392616272
314,0.6629140973091125
315,0.8757836818695068
316,0.5960615277290344
317,0.8117005825042725
318,0.6868597865104675
319,0.6598013639450073
320,0.6810708045959473
321,0.5869275331497192
322,0.7806016206741333
323,0.6441727876663208
324,0.6836972236633301
325,0.7112098336219788
326,0.6384421586990356
327,0.639108419418335
328,0.6273605823516846
329,0.6369956135749817
330,0.7806722521781921
331,0.6393083333969116
332,0.6311171054840088
333,0.681027352809906
334,0.6524850130081177
335,0.629309892654419
336,0.7489668130874634
337,0.710701584815979
338,0.7241529822349548
339,0.6060124635696411
340,0.5314968228340149
341,0.6454722881317139
342,0.6995618343353271
343,0.7370936870574951
344,0.642474889755249
345,0.5686848163604736
346,0.568606972694397
347,0.6636884808540344
348,0.6589645147323608
349,0.5866172313690186
350,0.6688026189804077
351,0.7014309167861938
352,0.7771130800247192
353,0.5336361527442932
354,0.6065518856048584
355,0.7751388549804688
356,0.663203239440918
357,0.6741677522659302
358,0.5921130180358887
359,0.5734972953796387
360,0.6858458518981934
361,0.8512628078460693
362,0.6684257388114929
363,0.8216676712036133
364,0.7986937761306763
365,0.8658542633056641
366,0.6801588535308838
367,0.546650230884552
368,0.7031395435333252
369,0.564056932926178
370,0.8174704313278198
371,0.49812808632850647
372,0.72469162940979
373,0.8184629678726196
374,0.7096050977706909
375,0.7357580661773682
376,0.5570672154426575
377,0.6876914501190186
378,0.5649943351745605
379,0.6672507524490356
380,0.6651710271835327
381,0.7160707712173462
382,0.653620719909668
383,0.5818264484405518
384,0.793830394744873
385,0.6166720986366272
386,0.7088733911514282
387,0.7927016019821167
388,0.7933716773986816
389,0.482901930809021
390,0.6967393159866333
391,0.526523768901825
392,0.6514667272567749
393,0.8150047063827515
394,0.49639809131622314
395,0.5413902997970581
396,0.8258838057518005
397,0.5943630933761597
398,0.8264185190200806
399,0.6197130680084229
400,0.5861150026321411
401,0.6794227361679077
402,0.6168537139892578
403,0.7244338393211365
404,0.8035308122634888
405,0.7502732872962952
406,0.6054303646087646
407,0.6619716882705688
408,0.6521598696708679
409,0.7906364798545837
410,0.5383437871932983
411,0.7188782691955566
412,0.6914710998535156
413,0.681351900100708
414,0.7177006006240845
415,0.5410792827606201
416,0.641555666923523
417,0.7904901504516602
418,0.7594139575958252
419,0.5762320160865784
420,0.6144788265228271
421,0.5410699844360352
422,0.82532799243927
423,0.7043358087539673
424,0.8616807460784912
425,0.6371999979019165
426,0.6711307764053345
427,0.6232335567474365
428,0.5387239456176758
429,0.6474113464355469
430,0.8235917091369629
431,0.6132960319519043
432,0.660487174987793
433,0.8143675923347473
434,0.588996171951294
435,0.8334982395172119
436,0.6818687915802002
437,0.5616503953933716
438,0.8602253198623657
439,0.7343233823776245
440,0.7282095551490784
441,0.7502709627151489
442,0.6395385265350342
443,0.6623462438583374
444,0.6900690793991089
445,0.6626546382904053
446,0.7871295213699341
447,0.600691556930542
448,0.7127512693405151
449,0.6585508584976196
450,0.7674825191497803
451,0.7847923636436462
452,0.6131758689880371
453,0.6931233406066895
454,0.599831223487854
455,0.7488141655921936
456,0.8173407316207886
457,0.5416545271873474
458,0.7219833135604858
459,0.6099684238433838
460,0.723930299282074
461,0.7014508843421936
462,0.7683298587799072
463,0.676710844039917
464,0.864030659198761
465,0.6447033882141113
466,0.8127135038375854
467,0.7197118997573853
468,0.5842395424842834
469,0.7653473615646362
470,0.7469398975372314
471,0.7707042694091797
472,0.8414645195007324
473,0.5363472104072571
474,0.5713078379631042
475,0.7789236307144165
476,0.6695024371147156
477,0.72573322057724
478,0.5994116067886353
479,0.6630918383598328
480,0.6510210037231445
481,0.7406599521636963
482,0.6846325397491455
483,0.6761611700057983
484,0.7426692843437195
485,0.6726740598678589
486,0.7947075963020325
487,0.8160583972930908
488,0.631118893623352
489,0.7016925811767578
490,0.6690961122512817
491,0.8189196586608887
492,0.7801712155342102
493,0.7793680429458618
494,0.7353057861328125
495,0.5008723735809326
496,0.75972980260849
497,0.7737592458724976
498,0.8617093563079834
499,0.6555995345115662
500,0.6027355194091797
501,0.635307788848877
502,0.757807731628418
503,0.620307207107544
504,0.6414156556129456
505,0.5096324682235718
506,0.7219160795211792
507,0.7975361347198486
508,0.6311366558074951
509,0.7545413970947266
510,0.7815067172050476
511,0.7526580095291138
512,0.6523211002349854
513,0.62180095911026
514,0.7389020919799805
515,0.7262992858886719
516,0.6496405601501465
517,0.8091445565223694
518,0.6800820827484131
519,0.6099863052368164
520,0.784100353717804
521,0.8338715434074402
522,0.7412362098693848
523,0.5173237919807434
524,0.592510461807251
525,0.745905876159668
526,0.7271934151649475
527,0.5812201499938965
528,0.5998930931091309
529,0.6917585134506226
530,0.8234939575195312
531,0.5451551079750061
532,0.6456383466720581
533,0.7389150261878967
534,0.6020216941833496
535,0.6866350173950195
536,0.5710362195968628
537,0.6593331098556519
538,0.6851703524589539
539,0.6965162754058838
540,0.7199360132217407
541,0.7014278173446655
542,0.6089357137680054
543,0.746467649936676
544,0.5791996717453003
545,0.7946221828460693
546,0.8568822145462036
547,0.7228519320487976
548,0.6973683834075928
549,0.8179768323898315
550,0.7070366144180298
551,0.5732228755950928
552,0.6309152841567993
553,0.7270303964614868
554,0.5930715799331665
555,0.7826865911483765
556,0.6611839532852173
557,0.8001818656921387
558,0.7490124702453613
559,0.7937451004981995
560,0.6065401434898376
561,0.75043123960495
562,0.7751519680023193
563,0.5924526453018188
564,0.695742666721344
565,0.7961470484733582
566,0.7237221598625183
567,0.7699556350708008
568,0.43546801805496216
569,0.6447206139564514
570,0.5928527116775513
571,0.5875859260559082
572,0.6480708122253418
573,0.7582661509513855
574,0.6967370510101318
575,0.606088399887085
576,0.7337180376052856
577,0.6803679466247559
578,0.6644818782806396
579,0.7280575037002563
580,0.6306872963905334
581,0.6274484395980835
582,0.6365929841995239
583,0.8710607290267944
584,0.7848381996154785
585,0.7463786602020264
586,0.7094893455505371
587,0.7360018491744995
588,0.7571089863777161
589,0.829411506652832
590,0.7288122177124023
591,0.839821994304657
592,0.734769344329834
593,0.6117569208145142
594,0.6546982526779175
595,0.6508415937423706
596,0.831788182258606
597,0.8004227876663208
598,0.6475900411605835
599,0.5526082515716553
600,0.7298350930213928
601,0.877947211265564
602,0.7579146027565002
603,0.6200566291809082
604,0.8140994310379028
605,0.5859342813491821
606,0.7738569378852844
607,0.7209453582763672
608,0.7385246753692627
609,0.8229748606681824
610,0.6346640586853027
611,0.5827921628952026
612,0.7308660745620728
613,0.6483101844787598
614,0.6359032392501831
615,0.744208037853241
616,0.7920043468475342
617,0.6668416261672974
618,0.6394368410110474
619,0.6436818838119507
620,0.5875499248504639
621,0.49196499586105347
622,0.6869491338729858
623,0.6337294578552246
624,0.6524137854576111
625,0.8015024662017822
626,0.8456225395202637
627,0.6456383466720581
628,0.7881860733032227
629,0.5747728943824768
630,0.6113917231559753
631,0.8112611770629883
632,0.623390257358551
633,0.657867968082428
634,0.6100789904594421
635,0.6944085359573364
636,0.783953070640564
637,0.6344568133354187
638,0.8682597875595093
639,0.6493865847587585
640,0.674559473991394
641,0.7220091819763184
642,0.6270691752433777
643,0.6939256191253662
644,0.7311009168624878
645,0.6341954469680786
646,0.6626430153846741
647,0.597576379776001
648,0.6282259821891785
649,0.597574770450592
650,0.8057690262794495
651,0.7526189088821411
652,0.8365321755409241
653,0.7636789679527283
654,0.611264169216156
655,0.6474748849868774
656,0.6888182163238525
657,0.666617214679718
658,0.6578043699264526
659,0.571523904800415
660,0.897861123085022
661,0.6788674592971802
662,0.5670861005783081
663,0.6597995758056641
664,0.5803842544555664
665,0.6847215294837952
666,0.790753960609436
667,0.8768075108528137
668,0.6520329713821411
669,0.5968412160873413
670,0.8992741107940674
671,0.7196539640426636
672,0.7063418626785278
673,0.6618832349777222
674,0.835125744342804
675,0.7585200071334839
676,0.6497179269790649
677,0.7306149005889893
678,0.5978314280509949
679,0.6134705543518066
680,0.7067893743515015
681,0.7586665153503418
682,0.7658271789550781
683,0.7704688906669617
684,0.6588541269302368
685,0.7004747986793518
686,0.6197528839111328
687,0.670371413230896
688,0.5116299390792847
689,0.6028084754943848
690,0.7549236416816711
691,0.571304440498352
692,0.5854007601737976
693,0.7948664426803589
694,0.7676091194152832
695,0.6703709363937378
696,0.6322453618049622
697,0.626736044883728
698,0.7123128771781921
699,0.7596008777618408
700,0.7097002267837524
701,0.6761659979820251
702,0.7177066802978516
703,0.8089870810508728
704,0.705192506313324
705,0.7010086178779602
706,0.8462706804275513
707,0.6685405969619751
708,0.6475385427474976
709,0.7898979783058167
710,0.6985489726066589
711,0.592664361000061
712,0.5639314651489258
713,0.5669924020767212
714,0.6324182748794556
715,0.7626340389251709
716,0.7071990966796875
717,0.7053327560424805
718,0.5614933371543884
719,0.6882259249687195
720,0.789833664894104
721,0.690377950668335
722,0.8215259313583374
723,0.5512433648109436
724,0.6664110422134399
725,0.8143246173858643
726,0.7270171046257019
727,0.6185542941093445
728,0.6992887258529663
729,0.6681976318359375
730,0.700645923614502
731,0.7445567846298218
732,0.7674395442008972
733,0.7303884029388428
734,0.6183414459228516
735,0.5777648091316223
736,0.6474138498306274
737,0.5526355504989624
738,0.7155446410179138
739,0.7259771823883057
740,0.6473351120948792
741,0.6972242593765259
742,0.6664458513259888
743,0.6660404205322266
744,0.7811557650566101
745,0.8338195085525513
746,0.5292125344276428
747,0.7845288515090942
748,0.5429008603096008
749,0.7886531352996826
750,0.7345702648162842
751,0.42332637310028076
752,0.7704885005950928
753,0.6407945156097412
754,0.8086149096488953
755,0.6774945855140686
756,0.7630800008773804
757,0.8693747520446777
758,0.5579358339309692
759,0.7497332096099854
760,0.7648851275444031
761,0.7190587520599365
762,0.4580650329589844
763,0.7002179622650146
764,0.7292137145996094
765,0.7445425391197205
766,0.6351368427276611
767,0.7720520496368408
768,0.6890300512313843
769,0.7958472967147827
770,0.5990254878997803
771,0.6697005033493042
772,0.6689194440841675
773,0.5852783918380737
774,0.8007305860519409
775,0.7947778701782227
776,0.747732937335968
777,0.773686408996582
778,0.8329761028289795
779,0.6267836093902588
780,0.7085710763931274
781,0.7409011125564575
782,0.5875089168548584
783,0.780200719833374
784,0.8787828087806702
785,0.697487473487854
786,0.5623130798339844
787,0.674066424369812
788,0.5943574905395508
789,0.7758125066757202
790,0.4934527277946472
791,0.6814537644386292
792,0.5502029061317444
793,0.7657620906829834
794,0.6363852024078369
795,0.711869478225708
796,0.6385804414749146
797,0.6453478336334229
798,0.6234095096588135
799,0.5617907047271729
800,0.7611511945724487
801,0.7346130609512329
802,0.7776429057121277
803,0.6513057947158813
804,0.8235981464385986
805,0.7279999852180481
806,0.6947312355041504
807,0.8126955032348633
808,0.642738401889801
809,0.5848395228385925
810,0.6817572712898254
811,0.8441928625106812
812,0.6170092821121216
813,0.8789176940917969
814,0.7426145076751709
815,0.775989830493927
816,0.7387317419052124
817,0.8906053304672241
818,0.668258011341095
819,0.6625942587852478
820,0.582521915435791
821,0.7997667789459229
822,0.5866705775260925
823,0.6080961227416992
824,0.7582563161849976
825,0.6655005216598511
826,0.7159990072250366
827,0.7653804421424866
828,0.6406774520874023
829,0.6164530515670776
830,0.904594898223877
831,0.7075048685073853
832,0.739089846611023
833,0.6580954790115356
834,0.5565938949584961
835,0.6460006237030029
836,0.7910174131393433
837,0.8844738006591797
838,0.6665241718292236
839,0.6871673464775085
840,0.710116446018219
841,0.7293446660041809
842,0.6532274484634399
843,0.7021050453186035
844,0.7414982318878174
845,0.6358656883239746
846,0.6665346622467041
847,0.7470166087150574
848,0.7019385695457458
849,0.9107298254966736
850,0.6316062808036804
851,0.5845828056335449
852,0.5693060755729675
853,0.792956531047821
854,0.6308942437171936
855,0.7049401998519897
856,0.7283831834793091
857,0.6577814817428589
858,0.6087741851806641
859,0.7328507900238037
860,0.6077536344528198
861,0.6795492172241211
862,0.7278594970703125
863,0.7140861749649048
864,0.5829654932022095
865,0.744407057762146
866,0.7869337201118469
867,0.6269375681877136
868,0.8511773347854614
869,0.7262358665466309
870,0.5183746218681335
871,0.5871813297271729
872,0.588100790977478
873,0.7118613123893738
874,0.7139241695404053
875,0.6801698803901672
876,0.6162799596786499
877,0.6445029973983765
878,0.7228261232376099
879,0.6359702348709106
880,0.61747145652771
881,0.7272466421127319
882,0.6273894309997559
883,0.6958392858505249
884,0.626595139503479
885,0.6078046560287476
886,0.6379761099815369
887,0.6022761464118958
888,0.5765716433525085
889,0.7768335938453674
890,0.8076781630516052
891,0.6480314135551453
892,0.6815012693405151
893,0.6621963381767273
894,0.6649166345596313
895,0.8080072402954102
896,0.6729903221130371
897,0.6644787788391113
898,0.6487796306610107
899,0.7986794710159302
900,0.6093733310699463
901,0.7577773332595825
902,0.692939281463623
903,0.6424142122268677
904,0.8176511526107788
905,0.7303407788276672
906,0.6626298427581787
907,0.7123292684555054
908,0.7177882194519043
909,0.7255228757858276
910,0.5997779369354248
911,0.5972145795822144
912,0.7419646382331848
913,0.8351796865463257
914,0.7697798609733582
915,0.5528410077095032
916,0.7629655003547668
917,0.6019391417503357
918,0.6645649671554565
919,0.5650398135185242
920,0.7573753595352173
921,0.5613721609115601
922,0.6883891820907593
923,0.6774044632911682
924,0.7226133942604065
925,0.6183199882507324
926,0.7244946956634521
927,0.7237889766693115
928,0.6504680514335632
929,0.7522608041763306
930,0.7170312404632568
931,0.7399833798408508
932,0.6833486557006836
933,0.8407752513885498
934,0.688868522644043
935,0.5625531077384949
936,0.5545041561126709
937,0.782274603843689
938,0.663228452205658
939,0.7770700454711914
940,0.6260455846786499
941,0.7866179347038269
942,0.608708381652832
943,0.6815714836120605
944,0.6026602983474731
945,0.6163274049758911
946,0.685306191444397
947,0.6117391586303711
948,0.5352883338928223
949,0.7617054581642151
950,0.6421118974685669
951,0.669865608215332
952,0.7035449147224426
953,0.6359177231788635
954,0.6783165335655212
955,0.7130656242370605
956,0.812523603439331
957,0.5794296264648438
958,0.5631662011146545
959,0.782041072845459
960,0.7277147173881531
961,0.7398622632026672
962,0.7375346422195435
963,0.7113059163093567
964,0.6519908308982849
965,0.6420383453369141
966,0.8757308125495911
967,0.4801191985607147
968,0.6425752639770508
969,0.789338231086731
970,0.5602782368659973
971,0.4972601532936096
972,0.5622263550758362
973,0.6007276177406311
974,0.885771632194519
975,0.6914529800415039
976,0.8384133577346802
977,0.6071416735649109
978,0.5977883338928223
979,0.7332428693771362
980,0.580093264579773
981,0.586999773979187
982,0.8026606440544128
983,0.8895295858383179
984,0.7433667778968811
985,0.6641258001327515
986,0.8012521266937256
987,0.6475076675415039
988,0.7643436193466187
989,0.7375839948654175
990,0.7212013006210327
991,0.8158211708068848
992,0.6051926016807556
993,0.6351944804191589
994,0.7392391562461853
995,0.6474236249923706
996,0.8211512565612793
997,0.6444827914237976
998,0.6625102162361145
999,0.5708398818969727
1000,0.9104070663452148
1001,0.7425382137298584
1002,0.48721426725387573
1003,0.5157477855682373
1004,0.6391024589538574
1005,0.713254451751709
1006,0.7354959845542908
1007,0.8864832520484924
1008,0.5941253900527954
1009,0.7304654717445374
1010,0.7864933013916016
1011,0.7817976474761963
1012,0.607483446598053
1013,0.6868874430656433
1014,0.5280490517616272
1015,0.6566985249519348
1016,0.6797691583633423
1017,0.6463280916213989
1018,0.6408700942993164
1019,0.6441547274589539
1020,0.7018642425537109
1021,0.6220732927322388
1022,0.6944786310195923
1023,0.8996412754058838
1024,0.7372178435325623
1025,0.574042558670044
1026,0.6852889060974121
1027,0.6571120023727417
1028,0.5663560032844543
1029,0.7822184562683105
1030,0.7606528997421265
1031,0.7143658995628357
1032,0.6231169104576111
1033,0.627675473690033
1034,0.5667293667793274
1035,0.6189647912979126
1036,0.616064190864563
1037,0.6529821157455444
1038,0.5936613082885742
1039,0.6680300831794739
1040,0.5908735990524292
1041,0.7188348770141602
1042,0.6453200578689575
1043,0.675973653793335
1044,0.7002593278884888
1045,0.8284094333648682
1046,0.7503212690353394
1047,0.769891619682312
1048,0.7864105701446533
1049,0.6742594838142395
1050,0.6455895304679871
1051,0.6525568962097168
1052,0.5335627198219299
1053,0.5260248184204102
1054,0.6105537414550781
1055,0.7791767716407776
1056,0.6787509918212891
1057,0.6898328065872192
1058,0.75102698802948
1059,0.684292197227478
1060,0.6182491779327393
1061,0.6436900496482849
1062,0.759487509727478
1063,0.734950840473175
1064,0.7966129183769226
1065,0.7277785539627075
1066,0.671911358833313
1067,0.9031436443328857
1068,0.7249343395233154
1069,0.5871727466583252
1070,0.6287755370140076
1071,0.5960250496864319
1072,0.7317663431167603
1073,0.6930343508720398
1074,0.5829082727432251
1075,0.6740844249725342
1076,0.7230287790298462
1077,0.5953447818756104
1078,0.6481716632843018
1079,0.7027301788330078
1080,0.6855989098548889
1081,0.6337219476699829
1082,0.6576254367828369
1083,0.5086411833763123
1084,0.6736209392547607
1085,0.747183084487915
1086,0.6191014051437378
1087,0.7410989999771118
1088,0.7640833854675293
1089,0.6849011182785034
1090,0.7549257278442383
1091,0.7852959632873535
1092,0.6907861828804016
1093,0.5503524541854858
1094,0.7451124787330627
1095,0.6377112865447998
1096,0.6749824285507202
1097,0.8003466129302979
1098,0.636243462562561
1099,0.6276978254318237
1100,0.7567277550697327
1101,0.6822504997253418
1102,0.6284035444259644
1103,0.7071739435195923
1104,0.7715809345245361
1105,0.7332322001457214
1106,0.6899462938308716
1107,0.7524444460868835
1108,0.6512712240219116
1109,0.6442357301712036
1110,0.7198598384857178
1111,0.73809814453125
1112,0.6596006751060486
1113,0.722679615020752
1114,0.7118076086044312
1115,0.8211730718612671
1116,0.6146951913833618
1117,0.5705614686012268
1118,0.6402584314346313
1119,0.697365939617157
1120,0.6256275773048401
1121,0.7253376245498657
1122,0.6445978283882141
1123,0.6786786913871765
1124,0.7325668334960938
1125,0.7380988597869873
1126,0.8140490651130676
1127,0.8048124313354492
1128,0.6531168222427368
1129,0.7777600288391113
1130,0.7445564866065979
1131,0.6971993446350098
1132,0.7071250677108765
1133,0.5363688468933105
1134,0.7568461298942566
1135,0.6965112686157227
1136,0.8997305035591125
1137,0.6871405243873596
1138,0.5781715512275696
1139,0.699225664138794
1140,0.7428885698318481
1141,0.5805284976959229
1142,0.6832399368286133
1143,0.7503698468208313
1144,0.778579592704773
1145,0.7347883582115173
1146,0.6469959020614624
1147,0.6758018136024475
1148,0.4757903218269348
1149,0.7227553129196167
1150,0.5320022106170654
1151,0.769324004650116
1152,0.5985428690910339
1153,0.7285976409912109
1154,0.7255783081054688
1155,0.8246158361434937
1156,0.6939929723739624
1157,0.7415652275085449
1158,0.6770796775817871
1159,0.7291246056556702
1160,0.7228633165359497
1161,0.6763807535171509
1162,0.8392264246940613
1163,0.5489376783370972
1164,0.6722239255905151
1165,0.6441018581390381
1166,0.630913257598877
1167,0.6894339323043823
1168,0.6482637524604797
1169,0.652123749256134
1170,0.7217130661010742
1171,0.5075005292892456
1172,0.6995526552200317
1173,0.7768239974975586
1174,0.7018080353736877
1175,0.47708362340927124
1176,0.6059730052947998
1177,0.6805676221847534
1178,0.8432242274284363
1179,0.5777971148490906
1180,0.6353857517242432
1181,0.619064211845398
1182,0.5955021381378174
1183,0.7288246154785156
1184,0.6503211855888367
1185,0.7506054639816284
1186,0.8201727867126465
1187,0.7554396390914917
1188,0.6822337508201599
1189,0.7810060977935791
1190,0.545777440071106
1191,0.8450826406478882
1192,0.7871869802474976
1193,0.6822155714035034
1194,0.7424607276916504
1195,0.712721586227417
1196,0.7506399154663086
1197,0.7836059927940369
1198,0.6662010550498962
1199,0.7176738381385803
1200,0.7750160694122314
1201,0.668371319770813
1202,0.857042670249939
1203,0.7686209678649902
1204,0.5746185183525085
1205,0.613495409488678
1206,0.7456144094467163
1207,0.738342821598053
1208,0.6286848187446594
1209,0.7368062734603882
1210,0.5480397343635559
1211,0.7476661205291748
1212,0.5149151086807251
1213,0.6159380674362183
1214,0.590582549571991
1215,0.6282244920730591
1216,0.7548205256462097
1217,0.7693793773651123
1218,0.7094135880470276
1219,0.5882552862167358
1220,0.6041131615638733
1221,0.8423571586608887
1222,0.8410924673080444
1223,0.67491614818573
1224,0.6189746856689453
1225,0.5493053197860718
1226,0.7097119092941284
1227,0.7298362851142883
1228,0.723624587059021
1229,0.8081446886062622
1230,0.6383308172225952
1231,0.5406990051269531
1232,0.5542033910751343
1233,0.7528059482574463
1234,0.7034220695495605
1235,0.7833784818649292
1236,0.8172528743743896
1237,0.6911131739616394
1238,0.7803938984870911
1239,0.8410104513168335
1240,0.6344512701034546
1241,0.6398887634277344
1242,0.7377051115036011
1243,0.5761446952819824
1244,0.6222473382949829
1245,0.6659345626831055
1246,0.5848876237869263
1247,0.710929811000824
1248,0.6716729402542114
1249,0.6633819341659546
1250,0.7250144481658936
1251,0.7379605770111084
1252,0.7418151497840881
1253,0.721613883972168
1254,0.6131283640861511
1255,0.6987834572792053
1256,0.6076593399047852
1257,0.8776801824569702
1258,0.6995407342910767
1259,0.6441498398780823
1260,0.7490522265434265
1261,0.6023654341697693
1262,0.5797067880630493
1263,0.7389295101165771
1264,0.6881094574928284
1265,0.8710387945175171
1266,0.7803422212600708
1267,0.4821048080921173
1268,0.7566763162612915
1269,0.5287439823150635
1270,0.686312735080719
1271,0.6054304838180542
1272,0.6204718351364136
1273,0.637812614440918
1274,0.602200984954834
1275,0.6989860534667969
1276,0.5796478986740112
1277,0.8761241436004639
1278,0.5614123940467834
1279,0.763713002204895
1280,0.5775047540664673
1281,0.6536153554916382
1282,0.7627557516098022
1283,0.7968875765800476
1284,0.7242558002471924
1285,0.8607519865036011
1286,0.7282756567001343
1287,0.8426527976989746
1288,0.5766201615333557
1289,0.49030542373657227
1290,0.5948992371559143
1291,0.6480478644371033
1292,0.6357563734054565
1293,0.6900812983512878
1294,0.7459839582443237
1295,0.7404638528823853
1296,0.7258892059326172
1297,0.5737510323524475
1298,0.7495450973510742
1299,0.46549564599990845
1300,0.8664056062698364
1301,0.5625083446502686
1302,0.6316477656364441
1303,0.6369664669036865
1304,0.6416672468185425
1305,0.6511911153793335
1306,0.6892249584197998
1307,0.6101969480514526
1308,0.713797926902771
1309,0.6224410533905029
1310,0.6407350301742554
1311,0.7180074453353882
1312,0.6033200025558472
1313,0.7882809042930603
1314,0.7521898746490479
1315,0.6743881702423096
1316,0.7899197340011597
1317,0.6088283061981201
1318,0.6514379382133484
1319,0.6387395262718201
1320,0.5035526752471924
1321,0.7479195594787598
1322,0.6190388202667236
1323,0.6953261494636536
1324,0.6407791376113892
1325,0.7236566543579102
1326,0.647607684135437
1327,0.6461213827133179
1328,0.6646029949188232
1329,0.6811776757240295
1330,0.6208093762397766
1331,0.6621301174163818
1332,0.708037793636322
1333,0.6875541806221008
1334,0.7904726266860962
1335,0.5532835125923157
1336,0.8496525883674622
1337,0.6172746419906616
1338,0.715951681137085
1339,0.766677737236023
1340,0.6266157627105713
1341,0.6178880333900452
1342,0.7363345623016357
1343,0.5738250017166138
1344,0.6991144418716431
1345,0.5249130725860596
1346,0.6045630574226379
1347,0.7083420753479004
1348,0.811038613319397
1349,0.7292497754096985
1350,0.6307488679885864
1351,0.6136407852172852
1352,0.5213198661804199
1353,0.6412416696548462
1354,0.7481629848480225
1355,0.6703699827194214
1356,0.6798961162567139
1357,0.8369249105453491
1358,0.7732170820236206
1359,0.5911613702774048
1360,0.5893152952194214
1361,0.6325303316116333
1362,0.6346758604049683
1363,0.6278252601623535
1364,0.7175312042236328
1365,0.7816266417503357
1366,0.5287331342697144
1367,0.6924866437911987
1368,0.7510105967521667
1369,0.761580228805542
1370,0.7143886089324951
1371,0.6673484444618225
1372,0.7178829312324524
1373,0.7690483927726746
1374,0.7694985866546631
1375,0.624989926815033
1376,0.7272374629974365
1377,0.5462028980255127
1378,0.5983023047447205
1379,0.6861914396286011
1380,0.6584394574165344
1381,0.7804509401321411
1382,0.6762585639953613
1383,0.7409868240356445
1384,0.7425522208213806
1385,0.7679389715194702
1386,0.8636653423309326
1387,0.4822719097137451
1388,0.872362494468689
1389,0.7278720140457153
1390,0.5929174423217773
1391,0.6891571283340454
1392,0.7367410063743591
1393,0.6894603967666626
1394,0.7589620351791382
1395,0.593537449836731
1396,0.5651575326919556
1397,0.6284822225570679
1398,0.7134503126144409
1399,0.7908037900924683
1400,0.8202623724937439
1401,0.6355408430099487
1402,0.6412691473960876
1403,0.6178195476531982
1404,0.5873872637748718
1405,0.5917453765869141
1406,0.744176983833313
1407,0.7145694494247437
1408,0.549485445022583
1409,0.6192667484283447
1410,0.7556448578834534
1411,0.6646938920021057
1412,0.6233615875244141
1413,0.819797158241272
1414,0.8884245157241821
1415,0.62099289894104
1416,0.7530926465988159
1417,0.6004703044891357
1418,0.7068015336990356
1419,0.8495916128158569
1420,0.6769685745239258
1421,0.7076737880706787
1422,0.7630337476730347
1423,0.7746886014938354
1424,0.5207055807113647
1425,0.690292477607727
1426,0.7293957471847534
1427,0.5798563957214355
1428,0.7012372016906738
1429,0.6130862236022949
1430,0.408689022064209
1431,0.8592517375946045
1432,0.8327562212944031
1433,0.6857383847236633
1434,0.6379512548446655
1435,0.7703335881233215
1436,0.7102212309837341
1437,0.6802434921264648
1438,0.5974311232566833
1439,0.6628352403640747
1440,0.7557454109191895
1441,0.6825544834136963
1442,0.6944800019264221
1443,0.5437180995941162
1444,0.8387221097946167
1445,0.38712871074676514
1446,0.525409460067749
1447,0.6964924931526184
1448,0.7118768692016602
1449,0.716954231262207
1450,0.873802900314331
1451,0.7326274514198303
1452,0.6399346590042114
1453,0.7967327833175659
1454,0.6608718633651733
1455,0.5840666890144348
1456,0.5691999197006226
1457,0.8119924664497375
1458,0.7669195532798767
1459,0.6519173383712769
1460,0.7181211709976196
1461,0.6163914203643799
1462,0.5958642363548279
1463,0.6779004335403442
1464,0.8381729125976562
1465,0.6105901002883911
1466,0.5581622123718262
1467,0.8171184659004211
1468,0.7893953323364258
1469,0.6790246963500977
1470,0.8080942630767822
1471,0.875383734703064
1472,0.5611139535903931
1473,0.7273677587509155
1474,0.707405686378479
1475,0.451351523399353
1476,0.7696349024772644
1477,0.7096929550170898
1478,0.5478057861328125
1479,0.8017033338546753
1480,0.7705639600753784
1481,0.6646367311477661
1482,0.6328502893447876
1483,0.7719987034797668
1484,0.9590595364570618
1485,0.8569172024726868
1486,0.6455153226852417
1487,0.6614141464233398
1488,0.4632537364959717
1489,0.6788012981414795
1490,0.6222107410430908
1491,0.7100933790206909
1492,0.6184842586517334
1493,0.6379895806312561
1494,0.6513076424598694
1495,0.6514257788658142
1496,0.7570685744285583
1497,0.5855298638343811
1498,0.8314119577407837
1499,0.7043553590774536
1500,0.6921817660331726
1501,0.7028059959411621
1502,0.6337014436721802
1503,0.8101750612258911
1504,0.5753700733184814
1505,0.716886043548584
1506,0.6204742789268494
1507,0.7502802610397339
1508,0.5888285636901855
1509,0.5783466696739197
1510,0.8334337472915649
1511,0.713729202747345
1512,0.8070482015609741
1513,0.8471684455871582
1514,0.6406720280647278
1515,0.7043101787567139
1516,0.6228125691413879
1517,0.6184083819389343
1518,0.6075011491775513
1519,0.6403375267982483
1520,0.7507658004760742
1521,0.7565133571624756
1522,0.7208377122879028
1523,0.9008530974388123
1524,0.771879255771637
1525,0.627548336982727
1526,0.5549572706222534
1527,0.7631776332855225
1528,0.5821564197540283
1529,0.6884429454803467
1530,0.7725233435630798
1531,0.5980692505836487
1532,0.6859908103942871
1533,0.7541100978851318
1534,0.6811686754226685
1535,0.7038084864616394
1536,0.6478209495544434
1537,0.7991328239440918
1538,0.8501708507537842
1539,0.7267583608627319
1540,0.6593186855316162
1541,0.7014479637145996
1542,0.6318309307098389
1543,0.7585282325744629
1544,0.6091959476470947
1545,0.5927071571350098
1546,0.7203150391578674
1547,0.7889336347579956
1548,0.7732391357421875
1549,0.7119191288948059
1550,0.7230926752090454
1551,0.6949464678764343
1552,0.6196740865707397
1553,0.7480858564376831
1554,0.7385157346725464
1555,0.8804024457931519
1556,0.719943642616272
1557,0.6031156182289124
1558,0.6450435519218445
1559,0.5442842841148376
1560,0.6672968864440918
1561,0.7484468221664429
1562,0.6414970755577087
1563,0.6569842100143433
1564,0.6317827701568604
1565,0.6975942850112915
1566,0.7117739915847778
1567,0.6031351089477539
1568,0.5605602264404297
1569,0.5247963666915894
1570,0.5577843189239502
1571,0.6397008299827576
1572,0.7430974245071411
1573,0.7541478872299194
1574,0.692507266998291
1575,0.6667174100875854
1576,0.800646185874939
1577,0.7814937829971313
1578,0.677212655544281
1579,0.6499180793762207
1580,0.6953243017196655
1581,0.4806707799434662
1582,0.5769709348678589
1583,0.6953573226928711
1584,0.5640600919723511
1585,0.6292558312416077
1586,0.7904330492019653
1587,0.6832393407821655
1588,0.5954659581184387
1589,0.6916888356208801
1590,0.747849702835083
1591,0.7195647954940796
1592,0.698734700679779
1593,0.6434265375137329
1594,0.6391923427581787
1595,0.7821762561798096
1596,0.6869237422943115
1597,0.8134950399398804
1598,0.756867527961731
1599,0.6386843919754028
1600,0.6336274147033691
1601,0.5498558282852173
1602,0.7018942832946777
1603,0.7083654403686523
1604,0.7338414788246155
1605,0.7128016948699951
1606,0.7224273681640625
1607,0.564954400062561
1608,0.686069130897522
1609,0.6371012926101685
1610,0.7562861442565918
1611,0.6889992356300354
1612,0.7139627933502197
1613,0.581783652305603
1614,0.633918046951294
1615,0.7345152497291565
1616,0.5234663486480713
1617,0.6379456520080566
1618,0.6300093531608582
1619,0.6977702975273132
1620,0.6488908529281616
1621,0.4914110004901886
1622,0.7730551958084106
1623,0.7190661430358887
1624,0.6858543753623962
1625,0.616625189781189
1626,0.6681619882583618
1627,0.7781304121017456
1628,0.6581984758377075
1629,0.8057070970535278
1630,0.7714753150939941
1631,0.6504293084144592
1632,0.729838490486145
1633,0.6279056072235107
1634,0.7595679759979248
1635,0.733609676361084
1636,0.6462060809135437
1637,0.6231172680854797
1638,0.6270606517791748
1639,0.6316012144088745
1640,0.7969142198562622
1641,0.603546142578125
1642,0.6896141767501831
1643,0.741204023361206
1644,0.6082173585891724
1645,0.5659886598587036
1646,0.775320827960968
1647,0.7688331007957458
1648,0.7376137971878052
1649,0.5316336750984192
1650,0.5587803721427917
1651,0.6844604015350342
1652,0.7740573287010193
1653,0.7211593985557556
1654,0.7855231761932373
1655,0.8187340497970581
1656,0.6676313281059265
1657,0.6951466798782349
1658,0.7277919054031372
1659,0.7929359674453735
1660,0.7641321420669556
1661,0.6273014545440674
1662,0.7622742652893066
1663,0.8207036256790161
1664,0.7676131725311279
1665,0.657631516456604
1666,0.7182110548019409
1667,0.8421410918235779
1668,0.6894731521606445
1669,0.5448709726333618
1670,0.8084806203842163
1671,0.865766167640686
1672,0.7799794673919678
1673,0.6845986843109131
1674,0.6906465291976929
1675,0.6269919872283936
1676,0.5746409893035889
1677,0.7187670469284058
1678,0.7828940153121948
1679,0.6323896646499634
1680,0.603950560092926
1681,0.6873816251754761
1682,0.7384804487228394
1683,0.49241864681243896
1684,0.676080048084259
1685,0.7045788764953613
1686,0.6360777616500854
1687,0.6901686191558838
1688,0.7621584534645081
1689,0.7795051336288452
1690,0.6622865200042725
1691,0.5974091291427612
1692,0.5368977785110474
1693,0.755689799785614
1694,0.718484103679657
1695,0.6103864908218384
1696,0.7340790629386902
1697,0.7716208696365356
1698,0.6335345506668091
1699,0.575432300567627
1700,0.8273628950119019
1701,0.6738313436508179
1702,0.5971649289131165
1703,0.561198353767395
1704,0.7133073806762695
1705,0.45496881008148193
1706,0.6897479295730591
1707,0.7446473836898804
1708,0.7439209222793579
1709,0.5915930271148682
1710,0.816764235496521
1711,0.654865026473999
1712,0.5538179874420166
1713,0.6618650555610657
1714,0.5308879613876343
1715,0.5505669116973877
1716,0.605643630027771
1717,0.718895435333252
1718,0.692512571811676
1719,0.7058227062225342
1720,0.7826050519943237
1721,0.6134991645812988
1722,0.7518978118896484
1723,0.6937557458877563
1724,0.7843552827835083
1725,0.819071352481842
1726,0.7563061714172363
1727,0.6913855671882629
1728,0.615288496017456
1729,0.7380269765853882
1730,0.6727043390274048
1731,0.7022276520729065
1732,0.6005561351776123
1733,0.7639294862747192
1734,0.6230862140655518
1735,0.7022008895874023
1736,0.6298216581344604
1737,0.7960095405578613
1738,0.6088772416114807
1739,0.7143083810806274
1740,0.7712526321411133
1741,0.7278987765312195
1742,0.748381495475769
1743,0.7485506534576416
1744,0.7581114172935486
1745,0.7216742038726807
1746,0.6415460705757141
1747,0.643403172492981
1748,0.8875359296798706
1749,0.726701021194458
1750,0.6606192588806152
1751,0.6109591722488403
1752,0.6060687303543091
1753,0.6658393144607544
1754,0.6895095109939575
1755,0.6803017854690552
1756,0.7738182544708252
1757,0.56920325756073
1758,0.8165416717529297
1759,0.6520090103149414
1760,0.6951358318328857
1761,0.5766065716743469
1762,0.5682676434516907
1763,0.8285754919052124
1764,0.5198898315429688
1765,0.8182001113891602
1766,0.6144823431968689
1767,0.8014218211174011
1768,0.6449494361877441
1769,0.7056528329849243
1770,0.5741481781005859
1771,0.5920863747596741
1772,0.7458640336990356
1773,0.5825916528701782
1774,0.658308207988739
1775,0.5632033348083496
1776,0.6947178840637207
1777,0.6501737833023071
1778,0.7115201950073242
1779,0.6576765179634094
1780,0.7494018077850342
1781,0.6286653280258179
1782,0.6191868782043457
1783,0.773099422454834
1784,0.7212033271789551
1785,0.4692368507385254
1786,0.6764522790908813
1787,0.6615278720855713
1788,0.7120780944824219
1789,0.7398564219474792
1790,0.8191636204719543
1791,0.6374074220657349
1792,0.6152604818344116
1793,0.51838618516922
1794,0.5923318862915039
1795,0.6337474584579468
1796,0.6143311858177185
1797,0.653793454170227
1798,0.7541738152503967
1799,0.713517427444458
1800,0.632521390914917
1801,0.7514870762825012
1802,0.7484099864959717
1803,0.7216087579727173
1804,0.6248412132263184
1805,0.7088010311126709
1806,0.6745525002479553
1807,0.6299896836280823
1808,0.6178978681564331
1809,0.6876672506332397
1810,0.8016295433044434
1811,0.7608592510223389
1812,0.8069791793823242
1813,0.6033344268798828
1814,0.7135166525840759
1815,0.7822265625
1816,0.7352561950683594
1817,0.588882327079773
1818,0.7084090709686279
1819,0.7720539569854736
1820,0.8657090663909912
1821,0.6285533905029297
1822,0.6114778518676758
1823,0.648449182510376
1824,0.7792671918869019
1825,0.6513503193855286
1826,0.6358882188796997
1827,0.7443180084228516
1828,0.7384618520736694
1829,0.6721444129943848
1830,0.6837713122367859
1831,0.7178701758384705
1832,0.8528733253479004
1833,0.827067494392395
1834,0.8436135649681091
1835,0.647393524646759
1836,0.6973605751991272
1837,0.559346079826355
1838,0.6453602313995361
1839,0.5929641723632812
1840,0.5764138698577881
1841,0.7051781415939331
1842,0.775606632232666
1843,0.46539169549942017
1844,0.6465247273445129
1845,0.8046256899833679
1846,0.7212008833885193
1847,0.7307304739952087
1848,0.7280053496360779
1849,0.7113903760910034
1850,0.7736067175865173
1851,0.5564827919006348
1852,0.7205063700675964
1853,0.7480234503746033
1854,0.5620863437652588
1855,0.6426630020141602
1856,0.6351299285888672
1857,0.6640903353691101
1858,0.7071628570556641
1859,0.7084137201309204
1860,0.7797245979309082
1861,0.5930309891700745
1862,0.674433708190918
1863,0.5844244956970215
1864,0.7376447319984436
1865,0.7261241674423218
1866,0.6233248114585876
1867,0.5463107824325562
1868,0.5260316133499146
1869,0.6547298431396484
1870,0.6428381204605103
1871,0.7237900495529175
1872,0.5875951051712036
1873,0.6194342374801636
1874,0.7068898677825928
1875,0.5647702217102051
1876,0.8251292705535889
1877,0.8420231342315674
1878,0.8079302310943604
1879,0.6696299314498901
1880,0.594256579875946
1881,0.7448568344116211
1882,0.874445915222168
1883,0.6479101181030273
1884,0.6234056949615479
1885,0.6197952032089233
1886,0.8213310837745667
1887,0.5926153659820557
1888,0.6302927732467651
1889,0.7500807046890259
1890,0.7928951382637024
1891,0.6599605083465576
1892,0.6919959187507629
1893,0.6461890339851379
1894,0.5596047639846802
1895,0.6920430660247803
1896,0.5760254263877869
1897,0.6342790126800537
1898,0.7191851139068604
1899,0.6654090881347656
1900,0.6929959058761597
1901,0.5919965505599976
1902,0.7258589863777161
1903,0.6474456191062927
1904,0.7513613104820251
1905,0.7718895673751831
1906,0.8952839970588684
1907,0.6223984956741333
1908,0.7577764987945557
1909,0.5967254638671875
1910,0.771669328212738
1911,0.6206135749816895
1912,0.6637486219406128
1913,0.577457070350647
1914,0.7436256408691406
1915,0.8627870082855225
1916,0.6819332838058472
1917,0.8301158547401428
1918,0.8174995183944702
1919,0.6159952282905579
1920,0.7177326083183289
1921,0.5738636255264282
1922,0.6395443677902222
1923,0.5892491340637207
1924,0.6157324314117432
1925,0.8574157357215881
1926,0.5931054949760437
1927,0.6894007921218872
1928,0.5431334972381592
1929,0.7308923006057739
1930,0.7401955723762512
1931,0.5824729204177856
1932,0.6212925910949707
1933,0.7293069362640381
1934,0.6655943393707275
1935,0.4902108907699585
1936,0.6798948645591736
1937,0.7829920053482056
1938,0.7107661366462708
1939,0.7577013969421387
1940,0.6664924621582031
1941,0.6745187044143677
1942,0.6921922564506531
1943,0.5319041013717651
1944,0.6174861192703247
1945,0.6833270192146301
1946,0.7079602479934692
1947,0.6142623424530029
1948,0.8314119577407837
1949,0.7614537477493286
1950,0.7025643587112427
1951,0.6259570121765137
1952,0.5408653020858765
1953,0.7795659303665161
1954,0.7235801219940186
1955,0.7321563959121704
1956,0.6779786944389343
1957,0.7270313501358032
1958,0.6603853702545166
1959,0.6065924763679504
1960,0.6088564395904541
1961,0.7146741151809692
1962,0.7419754266738892
1963,0.7401596307754517
1964,0.7071722149848938
1965,0.8160303831100464
1966,0.6373839378356934
1967,0.8248850107192993
1968,0.5851054787635803
1969,0.6921988725662231
1970,0.584292471408844
1971,0.5948474407196045
1972,0.7609530687332153
1973,0.6243666410446167
1974,0.7205797433853149
1975,0.6753244400024414
1976,0.7044875621795654
1977,0.7492574453353882
1978,0.5281206369400024
1979,0.7973873615264893
1980,0.5684019923210144
1981,0.677271842956543
1982,0.729845404624939
1983,0.6029590368270874
1984,0.6338775753974915
1985,0.7798333764076233
1986,0.6730028390884399
1987,0.8190604448318481
1988,0.8094789981842041
1989,0.6422146558761597
1990,0.6157447695732117
1991,0.6524810791015625
1992,0.792281985282898
1993,0.7719804644584656
1994,0.6825153827667236
1995,0.6161543130874634
1996,0.7010247707366943
1997,0.6240143179893494
1998,0.6260846853256226
1999,0.6175698041915894
2000,0.7486374378204346
2001,0.589939296245575
2002,0.4077153205871582
2003,0.8616844415664673
2004,0.6838191151618958
2005,0.6318933963775635
2006,0.7088292837142944
2007,0.7786782383918762
2008,0.739546537399292
2009,0.5305973887443542
2010,0.792495608329773
2011,0.7253043055534363
2012,0.6241867542266846
2013,0.7702757716178894
2014,0.7476333975791931
2015,0.7699873447418213
2016,0.5436322689056396
2017,0.7844501733779907
2018,0.7354066967964172
2019,0.7982534766197205
2020,0.7772336006164551
2021,0.7223712205886841
2022,0.6537115573883057
2023,0.7050765752792358
2024,0.8215475678443909
2025,0.6923102140426636
2026,0.6419247388839722
2027,0.6905570030212402
2028,0.765552282333374
2029,0.6262829303741455
2030,0.6884709000587463
2031,0.8431477546691895
2032,0.6023781895637512
2033,0.7301530838012695
2034,0.872010350227356
2035,0.6909348964691162
2036,0.6920919418334961
2037,0.6438413262367249
2038,0.6082640290260315
2039,0.6683266162872314
2040,0.6971333026885986
2041,0.6058907508850098
2042,0.6564499139785767
2043,0.6316608786582947
2044,0.7226442098617554
2045,0.6119425892829895
2046,0.5387770533561707
2047,0.653771162033081
2048,0.7358036637306213
2049,0.6613266468048096
2050,0.8420930504798889
2051,0.8564682006835938
2052,0.6897139549255371
2053,0.5389397144317627
2054,0.667850911617279
2055,0.6263343095779419
2056,0.7073641419410706
2057,0.8429708480834961
2058,0.8749405741691589
2059,0.5221353769302368
2060,0.7698039412498474
2061,0.5838419198989868
2062,0.8362255692481995
2063,0.7357882261276245
2064,0.6356960535049438
2065,0.7973828315734863
2066,0.8278318643569946
2067,0.8044909238815308
2068,0.6608986854553223
2069,0.6381011605262756
2070,0.6042841672897339
2071,0.6455472707748413
2072,0.6698383688926697
2073,0.6995949149131775
2074,0.6761101484298706
2075,0.798311710357666
2076,0.6719921231269836
2077,0.6946395635604858
2078,0.684727668762207
2079,0.6689309477806091
2080,0.9087778329849243
2081,0.7163227796554565
2082,0.7262778282165527
2083,0.6426167488098145
2084,0.7500905990600586
2085,0.535433828830719
2086,0.7276281118392944
2087,0.8668316602706909
2088,0.5497051477432251
2089,0.6061176657676697
2090,0.5815969109535217
2091,0.7554476261138916
2092,0.8631306290626526
2093,0.6934632062911987
2094,0.7760547399520874
2095,0.5798391103744507
2096,0.5744361877441406
2097,0.74543297290802
2098,0.7378879189491272
2099,0.6593340635299683
2100,0.6833803057670593
2101,0.7279918193817139
2102,0.5754709243774414
2103,0.652729332447052
2104,0.6243470311164856
2105,0.8140796422958374
2106,0.6337672472000122
2107,0.7705143690109253
2108,0.7210284471511841
2109,0.742803692817688
2110,0.7325484752655029
2111,0.5190578103065491
2112,0.6632891893386841
2113,0.9270416498184204
2114,0.5081583261489868
2115,0.7696081399917603
2116,0.8090199828147888
2117,0.8357752561569214
2118,0.6695812344551086
2119,0.6205617785453796
2120,0.5630346536636353
2121,0.6880755424499512
2122,0.8689103126525879
2123,0.649573802947998
2124,0.7382611632347107
2125,0.8839917182922363
2126,0.6857779622077942
2127,0.7954846620559692
2128,0.6216146945953369
2129,0.658341646194458
2130,0.7629870176315308
2131,0.7972275018692017
2132,0.6479967832565308
2133,0.6269049644470215
2134,0.6527762413024902
2135,0.7086209058761597
2136,0.7131484150886536
2137,0.8583635091781616
2138,0.7379398345947266
2139,0.8652164936065674
2140,0.6619147062301636
2141,0.7789342403411865
2142,0.7486639022827148
2143,0.7339327931404114
2144,0.6504669189453125
2145,0.6967158317565918
2146,0.8748090267181396
2147,0.6746487617492676
2148,0.6681269407272339
2149,0.7382262349128723
2150,0.7113151550292969
2151,0.6956141591072083
2152,0.6012190580368042
2153,0.6573742628097534
2154,0.6078265905380249
2155,0.6605010628700256
2156,0.6741029620170593
2157,0.593925952911377
2158,0.6078038811683655
2159,0.7736989259719849
2160,0.6522440910339355
2161,0.7292060852050781
2162,0.6893010139465332
2163,0.7168145179748535
2164,0.5993817448616028
2165,0.6879265308380127
2166,0.40287691354751587
2167,0.8316377401351929
2168,0.7675890326499939
2169,0.6515821218490601
2170,0.6220327615737915
2171,0.7262500524520874
2172,0.674200177192688
2173,0.6161744594573975
2174,0.6591126918792725
2175,0.6730483770370483
2176,0.6318285465240479
2177,0.6395074129104614
2178,0.6928204894065857
2179,0.6783173084259033
2180,0.7180497646331787
2181,0.5281959772109985
2182,0.8495272397994995
2183,0.5794379711151123
2184,0.8697112798690796
2185,0.5716608762741089
2186,0.613577127456665
2187,0.7299491167068481
2188,0.5593476891517639
2189,0.6198919415473938
2190,0.5963932275772095
2191,0.6523717641830444
2192,0.6564791798591614
2193,0.8120489120483398
2194,0.7898381948471069
2195,0.7687493562698364
2196,0.657406210899353
2197,0.6556274890899658
2198,0.6907907724380493
2199,0.8922774791717529
2200,0.9469372630119324
2201,0.6367031335830688
2202,0.6422305107116699
2203,0.6547191739082336
2204,0.8614081740379333
2205,0.6700474619865417
2206,0.6118783950805664
2207,0.7393901348114014
2208,0.7763546705245972
2209,0.7448794841766357
2210,0.8025259971618652
2211,0.6588177680969238
2212,0.6595552563667297
2213,0.7629120349884033
2214,0.6572415828704834
2215,0.6523000597953796
2216,0.6797357797622681
2217,0.7178919315338135
2218,0.613008975982666
2219,0.7728092670440674
2220,0.716015100479126
2221,0.5892519950866699
2222,0.5289049744606018
2223,0.750637948513031
2224,0.6928485631942749
2225,0.6803044080734253
2226,0.6832890510559082
2227,0.6900710463523865
2228,0.8589438199996948
2229,0.6208431720733643
2230,0.6703876256942749
2231,0.6631958484649658
2232,0.6938489079475403
2233,0.5494435429573059
2234,0.7357807159423828
2235,0.9094303846359253
2236,0.6169318556785583
2237,0.6693684458732605
2238,0.7016207575798035
2239,0.798703670501709
2240,0.7734516263008118
2241,0.6965335607528687
2242,0.640537440776825
2243,0.5770794749259949
2244,0.6913274526596069
2245,0.6238682270050049
2246,0.6391462087631226
2247,0.6591600775718689
2248,0.5627107620239258
2249,0.6809781789779663
2250,0.5994466543197632
2251,0.5871105194091797
2252,0.7093453407287598
2253,0.7690744996070862
2254,0.7315419316291809
2255,0.6042699217796326
2256,0.7980868220329285
2257,0.6757595539093018
2258,0.8088972568511963
2259,0.6558005213737488
2260,0.7196985483169556
2261,0.8752176761627197
2262,0.8901176452636719
2263,0.6027650237083435
2264,0.656708836555481
2265,0.7722572088241577
2266,0.607952356338501
2267,0.7448042631149292
2268,0.7212226390838623
2269,0.6478533744812012
2270,0.5956828594207764
2271,0.747933030128479
2272,0.6814982891082764
2273,0.6863799095153809
2274,0.6679168939590454
2275,0.8138697147369385
2276,0.6280049681663513
2277,0.7967221736907959
2278,0.7734454870223999
2279,0.7674687504768372
2280,0.7458220720291138
2281,0.7248049974441528
2282,0.5961430072784424
2283,0.7679711580276489
2284,0.524969220161438
2285,0.7153045535087585
2286,0.8381530046463013
2287,0.7084807753562927
2288,0.5946643352508545
2289,0.7769654989242554
2290,0.7238363027572632
2291,0.6223589777946472
2292,0.6514760851860046
2293,0.7288596034049988
2294,0.8224166631698608
2295,0.7350350618362427
2296,0.5870000123977661
2297,0.5647467374801636
2298,0.6439427733421326
2299,0.7661346197128296
2300,0.7620524168014526
2301,0.7714625597000122
2302,0.6688034534454346
2303,0.5434234142303467
2304,1.0
2305,0.5864405035972595
2306,0.5809164047241211
2307,0.6480456590652466
2308,0.5796842575073242
2309,0.705211877822876
2310,0.6897058486938477
2311,0.6261651515960693
2312,0.663398802280426
2313,0.6225953102111816
2314,0.8142660856246948
2315,0.657118558883667
2316,0.76836097240448
2317,0.6335241198539734
2318,0.8587324023246765
2319,0.6462441682815552
2320,0.7958365678787231
2321,0.5935143232345581
2322,0.6331445574760437
2323,0.665352463722229
2324,0.757900595664978
2325,0.7264178395271301
2326,0.6100287437438965
2327,0.583867609500885
2328,0.7343248128890991
2329,0.5732420682907104
2330,0.5182586908340454
2331,0.6989738941192627
2332,0.7772190570831299
2333,0.7074940204620361
2334,0.7233938574790955
2335,0.7569918632507324
2336,0.6681027412414551
2337,0.5645729899406433
2338,0.6826782822608948
2339,0.6712266802787781
2340,0.7701443433761597
2341,0.7764715552330017
2342,0.7323504686355591
2343,0.7120169401168823
2344,0.5994561910629272
2345,0.6219924092292786
2346,0.6893340945243835
2347,0.7115281224250793
2348,0.7028495073318481
2349,0.7187231183052063
2350,0.7636317014694214
2351,0.7064683437347412
2352,0.613095223903656
2353,0.6518120169639587
2354,0.7655293941497803
2355,0.811280369758606
2356,0.6882671117782593
2357,0.6849542856216431
2358,0.6871501207351685
2359,0.8389999866485596
2360,0.5942356586456299
2361,0.6765021681785583
2362,0.6899915933609009
2363,0.8513070940971375
2364,0.6005890965461731
2365,0.6062929630279541
2366,0.694462776184082
2367,0.878929615020752
2368,0.7920882105827332
2369,0.8197007179260254
2370,0.6724146008491516
2371,0.5849223136901855
2372,0.7417250871658325
2373,0.6219778060913086
2374,0.6171442270278931
2375,0.8728018403053284
2376,0.6616044640541077
2377,0.8041403293609619
2378,0.7937465310096741
2379,0.7646152377128601
2380,0.78908371925354
2381,0.6928213834762573
2382,0.5073376893997192
2383,0.5990736484527588
2384,0.7154554128646851
2385,0.5732374787330627
2386,0.7835074067115784
2387,0.7655411958694458
2388,0.6985465288162231
2389,0.703149139881134
2390,0.5459001064300537
2391,0.59916090965271
2392,0.5966218709945679
2393,0.8336339592933655
2394,0.8870761394500732
2395,0.6648228764533997
2396,0.6277397274971008
2397,0.8408306241035461
2398,0.7685114145278931
2399,0.7390611171722412
2400,0.650812029838562
2401,0.7088503837585449
2402,0.673536479473114
2403,0.6380146741867065
2404,0.5565938353538513
2405,0.7014292478561401
2406,0.7570934295654297
2407,0.8248623609542847
2408,0.7890329360961914
2409,0.656848132610321
2410,0.5576111078262329
2411,0.7687287330627441
2412,0.7850192189216614
2413,0.6889873743057251
2414,0.7295598983764648
2415,0.5470856428146362
2416,0.6143172979354858
2417,0.6791034936904907
2418,0.8203808069229126
2419,0.7035125494003296
2420,0.5714672803878784
2421,0.6238007545471191
2422,0.7210207581520081
2423,0.6212551593780518
2424,0.8551852703094482
2425,0.6940371990203857
2426,0.5338179469108582
2427,0.654060423374176
2428,0.7397240400314331
2429,0.7210056781768799
2430,0.7066795229911804
2431,0.5711820721626282
2432,0.7680367231369019
2433,0.7900813221931458
2434,0.5589454174041748
2435,0.5942534804344177
2436,0.633999228477478
2437,0.4202194809913635
2438,0.8423734307289124
2439,0.6679420471191406
2440,0.6934672594070435
2441,0.5800683498382568
2442,0.5725599527359009
2443,0.6916279792785645
2444,0.71686851978302
2445,0.6574444770812988
2446,0.7523425221443176
2447,0.8100114464759827
2448,0.7037349939346313
2449,0.7632170915603638
2450,0.5843470692634583
2451,0.6507270336151123
2452,0.650917649269104
2453,0.8100661039352417
2454,0.6847302913665771
2455,0.6516441106796265
2456,0.628618597984314
2457,0.6204583644866943
2458,0.5424947738647461
2459,0.6917666792869568
2460,0.7591046094894409
2461,0.5332828760147095
2462,0.615106463432312
2463,0.673913836479187
2464,0.6801929473876953
2465,0.6608412265777588
2466,0.6886430978775024
2467,0.647210419178009
2468,0.8368861079216003
2469,0.5742144584655762
2470,0.7150222659111023
2471,0.7378814220428467
2472,0.6268191337585449
2473,0.6753719449043274
2474,0.7142572402954102
2475,0.6347618103027344
2476,0.5687966346740723
2477,0.6858717203140259
2478,0.6595394015312195
2479,0.6836168766021729
2480,0.7048340439796448
2481,0.7167834043502808
2482,0.6117871999740601
2483,0.8295633792877197
2484,0.5511012077331543
2485,0.7529404163360596
2486,0.6884594559669495
2487,0.5920039415359497
2488,0.6988226175308228
2489,0.7136950492858887
2490,0.5969576835632324
2491,0.5802972316741943
2492,0.8443419933319092
2493,0.824796199798584
2494,0.6613767743110657
2495,0.7312684059143066
2496,0.6684644222259521
2497,0.6367268562316895
2498,0.6181995868682861
2499,0.7428650856018066
2500,0.5982539057731628
2501,0.5320428013801575
2502,0.7264833450317383
2503,0.7937098741531372
2504,0.6121734976768494
2505,0.7142857909202576
2506,0.5734195709228516
2507,0.7574697732925415
2508,0.6135558485984802
2509,0.635651707649231
2510,0.7791441679000854
2511,0.8086757659912109
2512,0.6836588382720947
2513,0.5618404746055603
2514,0.6908851861953735
2515,0.5537738800048828
2516,0.7947180271148682
2517,0.639553427696228
2518,0.8470643162727356
2519,0.6913817524909973
2520,0.7179686427116394
2521,0.7699093222618103
2522,0.6571558713912964
2523,0.5666437149047852
2524,0.652513861656189
2525,0.6520156860351562
2526,0.725877583026886
2527,0.6768300533294678
2528,0.535610556602478
2529,0.8601140975952148
2530,0.8097423315048218
2531,0.5461810827255249
2532,0.6895392537117004
2533,0.576263964176178
2534,0.7641534209251404
2535,0.6662448644638062
2536,0.8706154823303223
2537,0.7316159605979919
2538,0.5716447830200195
2539,0.7730523347854614
2540,0.5780220627784729
2541,0.7178258895874023
2542,0.6872780323028564
2543,0.5856541395187378
2544,0.781080424785614
2545,0.7204552888870239
2546,0.7043262124061584
2547,0.8272385597229004
2548,0.49798643589019775
2549,0.5811638236045837
2550,0.671255350112915
2551,0.8410174250602722
2552,0.6434903144836426
2553,0.4816749095916748
2554,0.6923797130584717
2555,0.6109648942947388
2556,0.6966887712478638
2557,0.5844481587409973
2558,0.7123590707778931
2559,0.7852948904037476
2560,0.8639535307884216
2561,0.7019119262695312
2562,0.8636412024497986
2563,0.6786849498748779
2564,0.6786328554153442
2565,0.6399378180503845
2566,0.6119863986968994
2567,0.6237817406654358
2568,0.7490257024765015
2569,0.6173529028892517
2570,0.6825058460235596
2571,0.6729664206504822
2572,0.6034937500953674
2573,0.6064735054969788
2574,0.7124252319335938
2575,0.8072812557220459
2576,0.6926668882369995
2577,0.5520713925361633
2578,0.7494416236877441
2579,0.6433883309364319
2580,0.6319549083709717
2581,0.7990121841430664
2582,0.63611900806427
2583,0.49274182319641113
2584,0.5843687057495117
2585,0.6671290993690491
2586,0.6112562417984009
2587,0.6691480875015259
2588,0.6195390224456787
2589,0.5525000095367432
2590,0.7091490030288696
2591,0.7017760276794434
2592,0.6333901882171631
2593,0.7922187447547913
2594,0.7241263389587402
2595,0.5979725122451782
2596,0.7118070125579834
2597,0.6503071784973145
2598,0.6171532273292542
2599,0.557430624961853
2600,0.6820662021636963
2601,0.5023723840713501
2602,0.7055253982543945
2603,0.5936993956565857
2604,0.5787488222122192
2605,0.6957173347473145
2606,0.6849663853645325
2607,0.5502647161483765
2608,0.7335872650146484
2609,0.8682639598846436
2610,0.690330445766449
2611,0.5617271661758423
2612,0.7681706547737122
2613,0.706156849861145
2614,0.6626173257827759
2615,0.7875393629074097
2616,0.6533849239349365
2617,0.773734450340271
2618,0.6819415092468262
2619,0.5394910573959351
2620,0.6749595403671265
2621,0.8148745894432068
2622,0.7801907658576965
2623,0.6492864489555359
2624,0.6341322064399719
2625,0.6673434972763062
2626,0.7450608015060425
2627,0.6455962061882019
2628,0.6446337103843689
2629,0.694582462310791
2630,0.46342217922210693
2631,0.6678621768951416
2632,0.6447674036026001
2633,0.7789182662963867
2634,0.5674290657043457
2635,0.6032049655914307
2636,0.6226649284362793
2637,0.7141034007072449
2638,0.7883004546165466
2639,0.5234538316726685
2640,0.6141347289085388
2641,0.8453701734542847
2642,0.8047478199005127
2643,0.7096374034881592
2644,0.7957780361175537
2645,0.7522298097610474
2646,0.6605745553970337
2647,0.606383204460144
2648,0.6558229923248291
2649,0.6823467016220093
2650,0.623548150062561
2651,0.7725048661231995
2652,0.526064395904541
2653,0.7417548894882202
2654,0.6047200560569763
2655,0.6118099689483643
2656,0.6742491722106934
2657,0.6495460867881775
2658,0.6614366769790649
2659,0.8498512506484985
2660,0.6862961053848267
2661,0.6231630444526672
2662,0.6459782123565674
2663,0.6242797374725342
2664,0.7950283885002136
2665,0.7461493015289307
2666,0.646307110786438
2667,0.7256878614425659
2668,0.6090843081474304
2669,0.722657322883606
2670,0.7084324955940247
2671,0.5174200534820557
2672,0.6025274395942688
2673,0.5266731977462769
2674,0.598365306854248
2675,0.8206157684326172
2676,0.7223562598228455
2677,0.7907187342643738
2678,0.5613085031509399
2679,0.45729324221611023
2680,0.6738173961639404
2681,0.6202154159545898
2682,0.6205631494522095
2683,0.6688233613967896
2684,0.6822191476821899
2685,0.621249794960022
2686,0.7791615724563599
2687,0.684483528137207
2688,0.7252546548843384
2689,0.6706832051277161
2690,0.613309919834137
2691,0.6702470779418945
2692,0.6858723163604736
2693,0.7478946447372437
2694,0.6482675671577454
2695,0.6126663088798523
2696,0.5552452802658081
2697,0.8544933199882507
2698,0.6067971587181091
2699,0.6127091646194458
2700,0.7263811826705933
2701,0.6573965549468994
2702,0.6021599173545837
2703,0.5576208829879761
2704,0.637703537940979
2705,0.544283926486969
2706,0.8229058980941772
2707,0.738057017326355
2708,0.6327252388000488
2709,0.5923717021942139
2710,0.77842116355896
2711,0.7501518726348877
2712,0.6772032976150513
2713,0.6324057579040527
2714,0.7204241752624512
2715,0.8093876838684082
2716,0.7193493843078613
2717,0.534964919090271
2718,0.6780936121940613
2719,0.7865270376205444
2720,0.8165581822395325
2721,0.6495558023452759
2722,0.7915384769439697
2723,0.5299685597419739
2724,0.8211162686347961
2725,0.771346926689148
2726,0.8140172958374023
2727,0.6022987365722656
2728,0.49990737438201904
2729,0.7852035760879517
2730,0.6318557858467102
2731,0.7239576578140259
2732,0.7156468033790588
2733,0.5566725730895996
2734,0.7205130457878113
2735,0.6333060264587402
2736,0.8212869167327881
2737,0.6527277231216431
2738,0.6452361345291138
2739,0.7502775192260742
2740,0.8432364463806152
2741,0.7536346912384033
2742,0.7208497524261475
2743,0.7473956346511841
2744,0.6244922876358032
2745,0.7338519096374512
2746,0.6471586227416992
2747,0.701479434967041
2748,0.5447625517845154
2749,0.8844760656356812
2750,0.6654201745986938
2751,0.8185762166976929
2752,0.6675844192504883
2753,0.7123664617538452
2754,0.5939190983772278
2755,0.6769700646400452
2756,0.7653653025627136
2757,0.6995905637741089
2758,0.6388334631919861
2759,0.6744975447654724
2760,0.5975306034088135
2761,0.7243632674217224
2762,0.6775235533714294
2763,0.7220751047134399
2764,0.6171807050704956
2765,0.6705506443977356
2766,0.7422379851341248
2767,0.6643558740615845
2768,0.7081970572471619
2769,0.8440638184547424
2770,0.7615901231765747
2771,0.6300336122512817
2772,0.6727908849716187
2773,0.6097310781478882
2774,0.7705203294754028
2775,0.7233991622924805
2776,0.7649143934249878
2777,0.796841561794281
2778,0.7512664198875427
2779,0.5781981945037842
2780,0.6618329882621765
2781,0.6537066698074341
2782,0.6615052223205566
2783,0.6977125406265259
2784,0.7640411853790283
2785,0.7922984957695007
2786,0.6271145343780518
2787,0.6949051022529602
2788,0.7520751357078552
2789,0.5599735975265503
2790,0.66860032081604
2791,0.8201111555099487
2792,0.6886059045791626
2793,0.8665105104446411
2794,0.6815270185470581
2795,0.6580377817153931
2796,0.8378911018371582
2797,0.8191382884979248
2798,0.6237474679946899
2799,0.5423821210861206
2800,0.6529073715209961
2801,0.6490304470062256
2802,0.627537727355957
2803,0.7220141291618347
2804,0.6485177278518677
2805,0.6748387813568115
2806,0.7175183296203613
2807,0.5326001644134521
2808,0.6561489105224609
2809,0.8381999135017395
2810,0.6244536638259888
2811,0.6463373899459839
2812,0.5344370603561401
2813,0.8076745271682739
2814,0.6859972476959229
2815,0.6290347576141357
2816,0.6689346432685852
2817,0.8584698438644409
2818,0.5925103425979614
2819,0.7727082371711731
2820,1.0
2821,0.7326000928878784
2822,0.5534065365791321
2823,0.718866229057312
2824,0.6231094598770142
2825,0.8149702548980713
2826,0.694011926651001
2827,0.6535292267799377
2828,0.5840048789978027
2829,0.5724313259124756
2830,0.7799891233444214
2831,0.7943634986877441
2832,0.8531383872032166
2833,0.5528721809387207
2834,0.7651779651641846
2835,0.7151796221733093
2836,0.6946914196014404
2837,0.6612861156463623
2838,0.8990210294723511
2839,0.6914387345314026
2840,0.7140128016471863
2841,0.6396583318710327
2842,0.7781662344932556
2843,0.6058397889137268
2844,0.75078284740448
2845,0.8009486794471741
2846,0.7643871903419495
2847,0.5707989931106567
2848,0.7592986226081848
2849,0.7249902486801147
2850,0.6311914920806885
2851,0.7039108872413635
2852,0.7050675749778748
2853,0.7776108980178833
2854,0.7172273397445679
2855,0.6662350296974182
2856,0.6684643030166626
2857,0.765030562877655
2858,0.5956434607505798
2859,0.6909557580947876
2860,0.5709822177886963
2861,0.8268429040908813
2862,0.6259576678276062
2863,0.695789098739624
2864,0.6294389963150024
2865,0.7683387398719788
2866,0.8394643068313599
2867,0.6159026622772217
2868,0.6939964890480042
2869,0.5957834720611572
2870,0.6697970032691956
2871,0.5618896484375
2872,0.7685027122497559
2873,0.6514406204223633
2874,0.6387315988540649
2875,0.6745405793190002
2876,0.6554284691810608
2877,0.7800948619842529
2878,0.47297367453575134
2879,0.703288197517395
2880,0.8187997341156006
2881,0.6492278575897217
2882,0.6295895576477051
2883,0.6587992906570435
2884,0.6738967299461365
2885,0.7887251377105713
2886,0.6111921668052673
2887,0.7005046606063843
2888,0.7665405869483948
2889,0.83286052942276
2890,0.7066195607185364
2891,0.7438487410545349
2892,0.8359203338623047
2893,0.6589949131011963
2894,0.8852142095565796
2895,0.5273805856704712
2896,0.7197682857513428
2897,0.676205039024353
2898,0.5428907871246338
2899,0.7418445348739624
2900,0.6202110052108765
2901,0.8844462037086487
2902,0.757192075252533
2903,0.7592253684997559
2904,0.6552479863166809
2905,0.5748780965805054
2906,0.5312163829803467
2907,0.626325249671936
2908,0.7331723570823669
2909,0.6166244745254517
2910,0.6784575581550598
2911,0.6956266164779663
2912,0.6283162832260132
2913,0.7012317776679993
2914,0.6294863224029541
2915,0.6001870632171631
2916,0.6290572285652161
2917,0.484914630651474
2918,0.7472440600395203
2919,0.7465264201164246
2920,0.6240119934082031
2921,0.6023199558258057
2922,0.6484628915786743
2923,0.7050012946128845
2924,0.6457706689834595
2925,0.7217779159545898
2926,0.8769702911376953
2927,0.6024326086044312
2928,0.693677544593811
2929,0.7293357849121094
2930,0.6502485275268555
2931,0.7201557755470276
2932,0.6373479962348938
2933,0.7712892293930054
2934,0.5313431024551392
2935,0.5683131814002991
2936,0.5893756151199341
2937,0.6724894046783447
2938,0.6980524063110352
2939,0.8347644209861755
2940,0.638262152671814
2941,0.5763006806373596
2942,0.7755465507507324
2943,0.7873755693435669
2944,0.6624351143836975
2945,0.5658718347549438
2946,0.9302784204483032
2947,0.6514943242073059
2948,0.5340709686279297
2949,0.7194235324859619
2950,0.5874177813529968
2951,0.7981579303741455
2952,0.6597055792808533
2953,0.7159663438796997
2954,0.7542262673377991
2955,0.5726873278617859
2956,0.7029919624328613
2957,0.6627940535545349
2958,0.6898444890975952
2959,0.7805310487747192
2960,0.7643625140190125
2961,0.7005202174186707
2962,0.6694741249084473
2963,0.6948106288909912
2964,0.7673439383506775
2965,0.7649775743484497
2966,0.5854665040969849
2967,0.6585023403167725
2968,0.6666501760482788
2969,0.7256278991699219
2970,0.6658108234405518
2971,0.776679277420044
2972,0.7907741069793701
2973,0.8159264326095581
2974,0.7219414710998535
2975,0.6982159614562988
2976,0.6407268643379211
2977,0.7633391618728638
2978,0.6271013021469116
2979,0.7102336287498474
2980,0.8265339136123657
2981,0.7446693778038025
2982,0.4946838319301605
2983,0.8478182554244995
2984,0.5353326797485352
2985,0.665004551410675
2986,0.7050532102584839
2987,0.764347493648529
2988,0.8923392295837402
2989,0.794304609298706
2990,0.6334624886512756
2991,0.7335533499717712
2992,0.6889238357543945
2993,0.6286273002624512
2994,0.616919219493866
2995,0.5420238971710205
2996,0.6108582019805908
2997,0.5053439140319824
2998,0.7796755433082581
2999,0.7190470099449158
